NSE,KGE
-2.3670639433912175,-0.4989951181128853
